{
    "debug": false,
    "difficulty": "easy",
    "fps": 60,
    "fullscreen": false,
    "music": 0.3346303501945525,
    "screenSize": [
        720,
        480
    ],
    "sfx": 0.3463035019455253,
    "volume": 100
}